"this is the first message"
"Lorem ipsum dolor sit amet consectetur adipiscing elit urna tortor primis lacinia erat, praesent velit interdum curae diam laoreet taciti cras blandit pretium rhoncus, nascetur posuere pharetra fames vehicula senectus ut mattis eleifend cursus nulla. Blandit enim consequat aliquam molestie pretium magna est pellentesque fames praesent platea, conubia aenean nascetur netus sodales odio dis parturient ullamcorper velit, proin maecenas nullam vulputate vitae volutpat sagittis bibendum dictumst eget. Himenaeos rhoncus nunc blandit euismod ac mattis pulvinar est, tempor per ullamcorper natoque phasellus volutpat.Ultrices nullam erat convallis urna torquent praesent fringilla quisque duis donec, neque eleifend class malesuada nisi rhoncus odio sed pretium vitae, molestie vel aliquet feugiat justo sagittis augue platea purus. Curabitur rhoncus litora nunc egestas id facilisi odio laoreet tortor condimentum, elementum suspendisse vitae vulputate tempor vestibulum imperdiet mi quis venenatis, torquent nisl eleifend gravida fusce magnis quisque vivamus pretium. Imperdiet curabitur pretium facilisis lacinia praesent vulputate, fusce eleifend rutrum viverra potenti conubia sed, quisque dapibus himenaeos nisi nisl."
"and this is the third"
""
45
True
""a"